{"cameraMode":{"drawMode":0,"name":"Shaded","section":"Shading Mode"},"sceneLighting":true,"audioPlay":false,"sceneViewState":{"m_AlwaysRefresh":false,"showFog":true,"showSkybox":true,"showFlares":true,"showImageEffects":true,"showParticleSystems":true,"showVisualEffectGraphs":true,"m_FxEnabled":true},"in2DMode":false,"pivot":{"x":37.945655822753909,"y":-3.1522727012634279,"z":1.2139991521835328},"rotation":{"x":0.15593932569026948,"y":0.6710951328277588,"z":-0.14747199416160584,"w":0.7096328735351563},"size":14.819389343261719,"orthographic":false}