{"cameraMode":{"drawMode":0,"name":"Shaded","section":"Shading Mode"},"sceneLighting":true,"audioPlay":false,"sceneViewState":{"m_AlwaysRefresh":false,"showFog":true,"showSkybox":true,"showFlares":true,"showImageEffects":true,"showParticleSystems":true,"showVisualEffectGraphs":true,"m_FxEnabled":true},"in2DMode":false,"pivot":{"x":-3.826507568359375,"y":-2.9336812496185304,"z":18.32366371154785},"rotation":{"x":-0.21661552786827088,"y":-0.08901116997003555,"z":0.020584439858794214,"w":-0.9721391201019287},"size":6.685967922210693,"orthographic":false}