{"cameraMode":{"drawMode":0,"name":"Shaded","section":"Shading Mode"},"sceneLighting":true,"audioPlay":false,"sceneViewState":{"m_AlwaysRefresh":false,"showFog":true,"showSkybox":true,"showFlares":true,"showImageEffects":true,"showParticleSystems":true,"showVisualEffectGraphs":true,"m_FxEnabled":true},"in2DMode":false,"pivot":{"x":4.531055450439453,"y":2.0188794136047365,"z":-0.2387392520904541},"rotation":{"x":0.009104571305215359,"y":-0.8623180985450745,"z":-0.015526702627539635,"w":-0.5060616135597229},"size":4.755153179168701,"orthographic":true}