{"cameraMode":{"drawMode":0,"name":"Shaded","section":"Shading Mode"},"sceneLighting":true,"audioPlay":false,"sceneViewState":{"m_AlwaysRefresh":false,"showFog":true,"showSkybox":true,"showFlares":true,"showImageEffects":true,"showParticleSystems":true,"showVisualEffectGraphs":true,"m_FxEnabled":true},"in2DMode":false,"pivot":{"x":4.531055450439453,"y":2.0188794136047365,"z":-0.2387392520904541},"rotation":{"x":-0.0028240839019417764,"y":0.34046411514282229,"z":-0.0010130349546670914,"w":-0.9402698874473572},"size":8.253186225891114,"orthographic":true}